{"tileSize":16,"mapWidth":66,"mapHeight":26,"layers":[{"name":"Cat","tiles":[{"id":"0","x":21,"y":4},{"id":"1","x":22,"y":4}],"collider":false},{"name":"Sprites","tiles":[{"id":"2","x":18,"y":1},{"id":"3","x":19,"y":1},{"id":"4","x":18,"y":2},{"id":"5","x":19,"y":2}],"collider":false},{"name":"Older","tiles":[{"id":"6","x":24,"y":23},{"id":"7","x":25,"y":23},{"id":"8","x":24,"y":24},{"id":"9","x":25,"y":24}],"collider":false},{"name":"Slime","tiles":[{"id":"10","x":42,"y":3},{"id":"11","x":43,"y":3},{"id":"12","x":42,"y":4},{"id":"13","x":43,"y":4}],"collider":false},{"name":"Mushroom","tiles":[{"id":"14","x":34,"y":2},{"id":"15","x":35,"y":2},{"id":"16","x":34,"y":3},{"id":"17","x":35,"y":3},{"id":"18","x":34,"y":4},{"id":"19","x":35,"y":4}],"collider":false},{"name":"Stone","tiles":[{"id":"20","x":20,"y":11},{"id":"21","x":20,"y":12},{"id":"21","x":20,"y":13},{"id":"21","x":20,"y":14},{"id":"21","x":20,"y":15},{"id":"21","x":20,"y":16},{"id":"21","x":20,"y":17},{"id":"21","x":20,"y":18},{"id":"21","x":20,"y":19},{"id":"21","x":20,"y":20},{"id":"21","x":20,"y":21},{"id":"21","x":20,"y":22},{"id":"21","x":20,"y":23},{"id":"21","x":20,"y":24},{"id":"22","x":20,"y":25},{"id":"23","x":21,"y":25},{"id":"23","x":22,"y":25},{"id":"23","x":23,"y":25},{"id":"23","x":24,"y":25},{"id":"23","x":25,"y":25},{"id":"23","x":26,"y":25},{"id":"23","x":27,"y":25},{"id":"23","x":28,"y":25},{"id":"23","x":29,"y":25},{"id":"23","x":30,"y":25},{"id":"23","x":31,"y":25},{"id":"23","x":32,"y":25},{"id":"23","x":33,"y":25},{"id":"23","x":34,"y":25},{"id":"23","x":35,"y":25},{"id":"23","x":36,"y":25},{"id":"23","x":37,"y":25},{"id":"23","x":38,"y":25},{"id":"23","x":39,"y":25},{"id":"23","x":40,"y":25},{"id":"23","x":41,"y":25},{"id":"23","x":42,"y":25},{"id":"23","x":43,"y":25},{"id":"23","x":44,"y":25},{"id":"23","x":45,"y":25},{"id":"23","x":46,"y":25},{"id":"23","x":47,"y":25},{"id":"23","x":48,"y":25},{"id":"23","x":49,"y":25},{"id":"23","x":50,"y":25},{"id":"23","x":51,"y":25},{"id":"23","x":52,"y":25},{"id":"23","x":53,"y":25},{"id":"23","x":54,"y":25},{"id":"23","x":55,"y":25},{"id":"23","x":56,"y":25},{"id":"23","x":57,"y":25},{"id":"23","x":58,"y":25},{"id":"23","x":59,"y":25},{"id":"23","x":60,"y":25},{"id":"23","x":61,"y":25},{"id":"23","x":62,"y":25},{"id":"23","x":63,"y":25},{"id":"23","x":64,"y":25},{"id":"24","x":65,"y":25},{"id":"25","x":65,"y":24},{"id":"25","x":65,"y":23},{"id":"25","x":65,"y":22},{"id":"25","x":65,"y":21},{"id":"25","x":65,"y":20},{"id":"25","x":65,"y":19},{"id":"25","x":65,"y":18},{"id":"25","x":65,"y":17},{"id":"25","x":65,"y":16},{"id":"25","x":65,"y":15},{"id":"25","x":65,"y":14},{"id":"25","x":65,"y":13},{"id":"25","x":65,"y":12},{"id":"26","x":65,"y":11}],"collider":false},{"name":"Platform","tiles":[{"id":"27","x":24,"y":5},{"id":"28","x":25,"y":5}],"collider":false},{"name":"Coin","tiles":[{"id":"29","x":16,"y":4}],"collider":false},{"name":"Sand","tiles":[{"id":"30","x":31,"y":5},{"id":"30","x":32,"y":5},{"id":"30","x":33,"y":5},{"id":"30","x":34,"y":5},{"id":"30","x":35,"y":5},{"id":"30","x":36,"y":5},{"id":"30","x":37,"y":5},{"id":"30","x":38,"y":5},{"id":"30","x":39,"y":5},{"id":"30","x":40,"y":5},{"id":"30","x":41,"y":5},{"id":"30","x":42,"y":5},{"id":"30","x":43,"y":5},{"id":"30","x":44,"y":5},{"id":"30","x":45,"y":5},{"id":"30","x":46,"y":5},{"id":"30","x":47,"y":5},{"id":"31","x":31,"y":6},{"id":"31","x":32,"y":6},{"id":"31","x":33,"y":6},{"id":"31","x":47,"y":6},{"id":"31","x":46,"y":6},{"id":"31","x":45,"y":6},{"id":"31","x":44,"y":6},{"id":"31","x":43,"y":6},{"id":"31","x":42,"y":6},{"id":"31","x":41,"y":6},{"id":"31","x":40,"y":6},{"id":"31","x":39,"y":6},{"id":"31","x":34,"y":6},{"id":"31","x":35,"y":6},{"id":"31","x":36,"y":6},{"id":"31","x":37,"y":6},{"id":"31","x":38,"y":6},{"id":"31","x":31,"y":7},{"id":"31","x":32,"y":7},{"id":"31","x":33,"y":7},{"id":"31","x":34,"y":7},{"id":"31","x":35,"y":7},{"id":"31","x":36,"y":7},{"id":"31","x":37,"y":7},{"id":"31","x":38,"y":7},{"id":"31","x":39,"y":7},{"id":"31","x":40,"y":7},{"id":"31","x":41,"y":7},{"id":"31","x":42,"y":7},{"id":"31","x":43,"y":7},{"id":"31","x":44,"y":7},{"id":"31","x":45,"y":7},{"id":"31","x":46,"y":7},{"id":"31","x":47,"y":7}],"collider":false},{"name":"Trees","tiles":[{"id":"32","x":7,"y":2},{"id":"33","x":7,"y":3},{"id":"34","x":7,"y":4},{"id":"35","x":6,"y":4},{"id":"36","x":12,"y":1},{"id":"37","x":12,"y":2},{"id":"38","x":12,"y":3},{"id":"39","x":12,"y":4},{"id":"40","x":11,"y":1},{"id":"41","x":13,"y":1},{"id":"42","x":12,"y":0}],"collider":false},{"name":"Unknown","tiles":[{"id":"43","x":10,"y":1},{"id":"44","x":14,"y":1}],"collider":false},{"name":"Grass","tiles":[{"id":"45","x":3,"y":5},{"id":"45","x":4,"y":5},{"id":"45","x":5,"y":5},{"id":"45","x":6,"y":5},{"id":"45","x":7,"y":5},{"id":"45","x":8,"y":5},{"id":"45","x":9,"y":5},{"id":"45","x":10,"y":5},{"id":"45","x":11,"y":5},{"id":"45","x":12,"y":5},{"id":"45","x":13,"y":5},{"id":"45","x":14,"y":5},{"id":"45","x":15,"y":5},{"id":"45","x":16,"y":5},{"id":"45","x":17,"y":5},{"id":"45","x":18,"y":5},{"id":"45","x":19,"y":5},{"id":"45","x":2,"y":5},{"id":"45","x":1,"y":5},{"id":"45","x":0,"y":5},{"id":"46","x":0,"y":6},{"id":"46","x":1,"y":6},{"id":"46","x":2,"y":6},{"id":"46","x":3,"y":6},{"id":"46","x":4,"y":6},{"id":"46","x":5,"y":6},{"id":"46","x":6,"y":6},{"id":"46","x":7,"y":6},{"id":"46","x":8,"y":6},{"id":"46","x":9,"y":6},{"id":"46","x":10,"y":6},{"id":"46","x":11,"y":6},{"id":"46","x":12,"y":6},{"id":"46","x":13,"y":6},{"id":"46","x":14,"y":6},{"id":"46","x":15,"y":6},{"id":"46","x":16,"y":6},{"id":"46","x":17,"y":6},{"id":"46","x":18,"y":6},{"id":"46","x":19,"y":6},{"id":"46","x":20,"y":6},{"id":"46","x":21,"y":6},{"id":"46","x":22,"y":6},{"id":"46","x":0,"y":7},{"id":"46","x":1,"y":7},{"id":"46","x":2,"y":7},{"id":"46","x":16,"y":7},{"id":"46","x":21,"y":7},{"id":"46","x":20,"y":7},{"id":"46","x":19,"y":7},{"id":"46","x":18,"y":7},{"id":"46","x":17,"y":7},{"id":"46","x":15,"y":7},{"id":"46","x":14,"y":7},{"id":"46","x":13,"y":7},{"id":"46","x":12,"y":7},{"id":"46","x":11,"y":7},{"id":"46","x":10,"y":7},{"id":"46","x":9,"y":7},{"id":"46","x":8,"y":7},{"id":"46","x":7,"y":7},{"id":"46","x":6,"y":7},{"id":"46","x":5,"y":7},{"id":"46","x":4,"y":7},{"id":"46","x":3,"y":7},{"id":"46","x":22,"y":7},{"id":"46","x":23,"y":7},{"id":"46","x":23,"y":6},{"id":"45","x":20,"y":5},{"id":"45","x":21,"y":5},{"id":"45","x":22,"y":5},{"id":"45","x":23,"y":5}],"collider":false},{"name":"Role","tiles":[{"id":"47","x":2,"y":2},{"id":"48","x":3,"y":2},{"id":"49","x":2,"y":3},{"id":"50","x":3,"y":3},{"id":"51","x":2,"y":4},{"id":"52","x":3,"y":4}],"collider":false}]}