{"tileSize":16,"mapWidth":30,"mapHeight":9,"layers":[{"name":"Enemy","tiles":[{"id":"8","x":9,"y":3},{"id":"9","x":10,"y":3},{"id":"10","x":11,"y":3},{"id":"11","x":12,"y":3},{"id":"12","x":9,"y":4},{"id":"13","x":10,"y":4},{"id":"14","x":11,"y":4},{"id":"15","x":12,"y":4},{"id":"16","x":9,"y":5},{"id":"17","x":10,"y":5},{"id":"18","x":11,"y":5},{"id":"2","x":12,"y":5},{"id":"2","x":9,"y":6},{"id":"19","x":10,"y":6},{"id":"20","x":11,"y":6},{"id":"2","x":12,"y":6}],"collider":false},{"name":"Grass","tiles":[{"id":"0","x":2,"y":8},{"id":"0","x":3,"y":8},{"id":"0","x":4,"y":8},{"id":"0","x":5,"y":8},{"id":"0","x":6,"y":8},{"id":"0","x":7,"y":8},{"id":"0","x":8,"y":8},{"id":"0","x":9,"y":8},{"id":"0","x":10,"y":8},{"id":"0","x":11,"y":8},{"id":"0","x":12,"y":8},{"id":"0","x":13,"y":8},{"id":"0","x":14,"y":7},{"id":"0","x":13,"y":7},{"id":"0","x":12,"y":7},{"id":"0","x":11,"y":7},{"id":"0","x":2,"y":7},{"id":"0","x":3,"y":7},{"id":"0","x":4,"y":7},{"id":"0","x":5,"y":7},{"id":"0","x":6,"y":7},{"id":"0","x":7,"y":7},{"id":"0","x":8,"y":7},{"id":"0","x":9,"y":7},{"id":"0","x":10,"y":7},{"id":"1","x":2,"y":6},{"id":"1","x":3,"y":6},{"id":"1","x":4,"y":6},{"id":"1","x":5,"y":6},{"id":"1","x":14,"y":6},{"id":"1","x":13,"y":6},{"id":"1","x":12,"y":6},{"id":"1","x":11,"y":6},{"id":"1","x":10,"y":6},{"id":"1","x":9,"y":6},{"id":"1","x":8,"y":6},{"id":"1","x":7,"y":6},{"id":"1","x":6,"y":6},{"id":"2","x":3,"y":3},{"id":"1","x":15,"y":6},{"id":"1","x":16,"y":6},{"id":"1","x":17,"y":6},{"id":"1","x":18,"y":6},{"id":"1","x":19,"y":6},{"id":"1","x":20,"y":6},{"id":"1","x":21,"y":6},{"id":"1","x":22,"y":6},{"id":"1","x":23,"y":6},{"id":"1","x":24,"y":6},{"id":"1","x":25,"y":6},{"id":"1","x":26,"y":6},{"id":"1","x":27,"y":6},{"id":"1","x":28,"y":6},{"id":"1","x":29,"y":6},{"id":"0","x":1,"y":6},{"id":"0","x":1,"y":5},{"id":"0","x":1,"y":4},{"id":"0","x":1,"y":3},{"id":"0","x":0,"y":3},{"id":"0","x":0,"y":2},{"id":"0","x":0,"y":1},{"id":"0","x":0,"y":0},{"id":"0","x":9,"y":0},{"id":"0","x":8,"y":0},{"id":"0","x":7,"y":0},{"id":"0","x":6,"y":0},{"id":"0","x":5,"y":0},{"id":"0","x":4,"y":0},{"id":"0","x":3,"y":0},{"id":"0","x":2,"y":0},{"id":"0","x":1,"y":0},{"id":"0","x":15,"y":7},{"id":"0","x":16,"y":7},{"id":"0","x":17,"y":7},{"id":"0","x":18,"y":7},{"id":"0","x":19,"y":7},{"id":"0","x":20,"y":7},{"id":"0","x":21,"y":7},{"id":"0","x":22,"y":7},{"id":"0","x":23,"y":7},{"id":"0","x":24,"y":7},{"id":"0","x":25,"y":7},{"id":"0","x":26,"y":7},{"id":"0","x":27,"y":7},{"id":"0","x":28,"y":7},{"id":"0","x":29,"y":7},{"id":"0","x":14,"y":8},{"id":"0","x":15,"y":8},{"id":"0","x":16,"y":8},{"id":"0","x":17,"y":8},{"id":"0","x":18,"y":8},{"id":"0","x":19,"y":8},{"id":"0","x":20,"y":8},{"id":"0","x":21,"y":8},{"id":"0","x":22,"y":8},{"id":"0","x":23,"y":8},{"id":"0","x":24,"y":8},{"id":"0","x":25,"y":8},{"id":"0","x":26,"y":8},{"id":"0","x":27,"y":8},{"id":"0","x":28,"y":8},{"id":"0","x":29,"y":8}],"collider":false},{"name":"Role","tiles":[{"id":"2","x":3,"y":3},{"id":"3","x":4,"y":3},{"id":"4","x":3,"y":4},{"id":"5","x":4,"y":4},{"id":"6","x":3,"y":5},{"id":"7","x":4,"y":5},{"id":"16","x":9,"y":5},{"id":"2","x":12,"y":5},{"id":"2","x":9,"y":6},{"id":"19","x":10,"y":6},{"id":"20","x":11,"y":6},{"id":"2","x":12,"y":6}],"collider":false}]}