{"tileSize":16,"mapWidth":76,"mapHeight":21,"layers":[{"name":"Role","tiles":[{"id":"2","x":1,"y":15},{"id":"3","x":2,"y":15},{"id":"4","x":1,"y":16},{"id":"5","x":2,"y":16},{"id":"6","x":1,"y":17},{"id":"7","x":2,"y":17},{"id":"16","x":7,"y":17},{"id":"2","x":10,"y":17},{"id":"2","x":7,"y":18},{"id":"19","x":8,"y":18},{"id":"20","x":9,"y":18},{"id":"2","x":10,"y":18}],"collider":false},{"name":"Enemy","tiles":[{"id":"8","x":7,"y":15},{"id":"9","x":8,"y":15},{"id":"10","x":9,"y":15},{"id":"11","x":10,"y":15},{"id":"12","x":7,"y":16},{"id":"13","x":8,"y":16},{"id":"14","x":9,"y":16},{"id":"15","x":10,"y":16},{"id":"16","x":7,"y":17},{"id":"17","x":8,"y":17},{"id":"18","x":9,"y":17},{"id":"2","x":10,"y":17},{"id":"2","x":7,"y":18},{"id":"19","x":8,"y":18},{"id":"20","x":9,"y":18},{"id":"2","x":10,"y":18}],"collider":false},{"name":"Grass","tiles":[{"id":"0","x":0,"y":20},{"id":"0","x":1,"y":20},{"id":"0","x":2,"y":20},{"id":"0","x":3,"y":20},{"id":"0","x":4,"y":20},{"id":"0","x":5,"y":20},{"id":"0","x":6,"y":20},{"id":"0","x":7,"y":20},{"id":"0","x":8,"y":20},{"id":"0","x":9,"y":20},{"id":"0","x":10,"y":20},{"id":"0","x":11,"y":20},{"id":"0","x":12,"y":19},{"id":"0","x":11,"y":19},{"id":"0","x":10,"y":19},{"id":"0","x":9,"y":19},{"id":"0","x":0,"y":19},{"id":"0","x":1,"y":19},{"id":"0","x":2,"y":19},{"id":"0","x":3,"y":19},{"id":"0","x":4,"y":19},{"id":"0","x":5,"y":19},{"id":"0","x":6,"y":19},{"id":"0","x":7,"y":19},{"id":"0","x":8,"y":19},{"id":"1","x":0,"y":18},{"id":"1","x":1,"y":18},{"id":"1","x":2,"y":18},{"id":"1","x":3,"y":18},{"id":"1","x":12,"y":18},{"id":"1","x":11,"y":18},{"id":"1","x":10,"y":18},{"id":"1","x":9,"y":18},{"id":"1","x":8,"y":18},{"id":"1","x":7,"y":18},{"id":"1","x":6,"y":18},{"id":"1","x":5,"y":18},{"id":"1","x":4,"y":18},{"id":"2","x":1,"y":15},{"id":"1","x":13,"y":18},{"id":"1","x":14,"y":18},{"id":"1","x":15,"y":18},{"id":"1","x":16,"y":18},{"id":"1","x":17,"y":18},{"id":"1","x":18,"y":18},{"id":"1","x":19,"y":18},{"id":"1","x":20,"y":18},{"id":"1","x":21,"y":18},{"id":"1","x":22,"y":18},{"id":"1","x":23,"y":18},{"id":"1","x":24,"y":18},{"id":"1","x":25,"y":18},{"id":"1","x":26,"y":18},{"id":"0","x":13,"y":19},{"id":"0","x":14,"y":19},{"id":"0","x":15,"y":19},{"id":"0","x":16,"y":19},{"id":"0","x":17,"y":19},{"id":"0","x":18,"y":19},{"id":"0","x":19,"y":19},{"id":"0","x":20,"y":19},{"id":"0","x":21,"y":19},{"id":"0","x":22,"y":19},{"id":"0","x":23,"y":19},{"id":"0","x":24,"y":19},{"id":"0","x":25,"y":19},{"id":"0","x":26,"y":19},{"id":"0","x":27,"y":19},{"id":"0","x":12,"y":20},{"id":"0","x":13,"y":20},{"id":"0","x":14,"y":20},{"id":"0","x":15,"y":20},{"id":"0","x":16,"y":20},{"id":"0","x":17,"y":20},{"id":"0","x":18,"y":20},{"id":"0","x":19,"y":20},{"id":"0","x":20,"y":20},{"id":"0","x":21,"y":20},{"id":"0","x":22,"y":20},{"id":"0","x":23,"y":20},{"id":"0","x":24,"y":20},{"id":"0","x":25,"y":20},{"id":"0","x":26,"y":20},{"id":"0","x":27,"y":20},{"id":"1","x":27,"y":18},{"id":"1","x":28,"y":18},{"id":"1","x":30,"y":18},{"id":"1","x":31,"y":18},{"id":"1","x":32,"y":18},{"id":"1","x":33,"y":18},{"id":"1","x":34,"y":18},{"id":"1","x":35,"y":18},{"id":"1","x":36,"y":18},{"id":"1","x":37,"y":18},{"id":"1","x":38,"y":18},{"id":"1","x":39,"y":18},{"id":"1","x":40,"y":18},{"id":"1","x":41,"y":18},{"id":"1","x":42,"y":18},{"id":"1","x":43,"y":18},{"id":"1","x":44,"y":18},{"id":"1","x":45,"y":18},{"id":"1","x":46,"y":18},{"id":"1","x":47,"y":18},{"id":"1","x":48,"y":18},{"id":"1","x":49,"y":18},{"id":"1","x":50,"y":18},{"id":"1","x":51,"y":18},{"id":"1","x":52,"y":18},{"id":"1","x":53,"y":18},{"id":"1","x":54,"y":18},{"id":"1","x":55,"y":18},{"id":"1","x":56,"y":18},{"id":"1","x":57,"y":18},{"id":"1","x":58,"y":18},{"id":"1","x":59,"y":18},{"id":"1","x":60,"y":18},{"id":"1","x":61,"y":18},{"id":"1","x":62,"y":18},{"id":"1","x":63,"y":18},{"id":"1","x":64,"y":18},{"id":"1","x":65,"y":18},{"id":"1","x":66,"y":18},{"id":"1","x":67,"y":18},{"id":"1","x":68,"y":18},{"id":"1","x":69,"y":18},{"id":"1","x":70,"y":18},{"id":"1","x":71,"y":18},{"id":"1","x":72,"y":18},{"id":"1","x":73,"y":18},{"id":"1","x":74,"y":18},{"id":"1","x":75,"y":18},{"id":"0","x":28,"y":20},{"id":"0","x":29,"y":20},{"id":"0","x":30,"y":20},{"id":"0","x":31,"y":20},{"id":"0","x":32,"y":20},{"id":"0","x":33,"y":20},{"id":"0","x":34,"y":20},{"id":"0","x":35,"y":20},{"id":"0","x":36,"y":20},{"id":"0","x":37,"y":20},{"id":"0","x":38,"y":20},{"id":"0","x":39,"y":20},{"id":"0","x":40,"y":20},{"id":"0","x":41,"y":20},{"id":"0","x":55,"y":20},{"id":"0","x":56,"y":20},{"id":"0","x":57,"y":20},{"id":"0","x":58,"y":20},{"id":"0","x":59,"y":20},{"id":"0","x":60,"y":20},{"id":"0","x":61,"y":20},{"id":"0","x":62,"y":20},{"id":"0","x":63,"y":20},{"id":"0","x":64,"y":20},{"id":"0","x":65,"y":20},{"id":"0","x":66,"y":20},{"id":"0","x":67,"y":20},{"id":"0","x":68,"y":20},{"id":"0","x":69,"y":20},{"id":"0","x":70,"y":20},{"id":"0","x":71,"y":20},{"id":"0","x":72,"y":20},{"id":"0","x":73,"y":20},{"id":"0","x":74,"y":20},{"id":"0","x":75,"y":20},{"id":"0","x":75,"y":19},{"id":"0","x":74,"y":19},{"id":"0","x":73,"y":19},{"id":"0","x":72,"y":19},{"id":"0","x":71,"y":19},{"id":"0","x":70,"y":19},{"id":"0","x":69,"y":19},{"id":"0","x":68,"y":19},{"id":"0","x":67,"y":19},{"id":"0","x":66,"y":19},{"id":"0","x":65,"y":19},{"id":"0","x":64,"y":19},{"id":"0","x":63,"y":19},{"id":"0","x":62,"y":19},{"id":"0","x":61,"y":19},{"id":"0","x":60,"y":19},{"id":"0","x":59,"y":19},{"id":"0","x":58,"y":19},{"id":"0","x":57,"y":19},{"id":"0","x":56,"y":19},{"id":"0","x":55,"y":19},{"id":"0","x":54,"y":20},{"id":"0","x":53,"y":20},{"id":"0","x":28,"y":19},{"id":"0","x":29,"y":19},{"id":"0","x":30,"y":19},{"id":"0","x":31,"y":19},{"id":"0","x":32,"y":19},{"id":"0","x":33,"y":19},{"id":"0","x":34,"y":19},{"id":"0","x":35,"y":19},{"id":"0","x":36,"y":19},{"id":"0","x":37,"y":19},{"id":"0","x":38,"y":19},{"id":"0","x":39,"y":19},{"id":"0","x":40,"y":19},{"id":"0","x":41,"y":19},{"id":"0","x":42,"y":19},{"id":"0","x":42,"y":20},{"id":"0","x":43,"y":20},{"id":"0","x":44,"y":20},{"id":"0","x":51,"y":20},{"id":"0","x":52,"y":20},{"id":"0","x":54,"y":19},{"id":"0","x":53,"y":19},{"id":"0","x":52,"y":19},{"id":"0","x":50,"y":20},{"id":"0","x":49,"y":20},{"id":"0","x":48,"y":20},{"id":"0","x":47,"y":20},{"id":"0","x":46,"y":20},{"id":"0","x":45,"y":20},{"id":"0","x":43,"y":19},{"id":"0","x":44,"y":19},{"id":"0","x":45,"y":19},{"id":"0","x":46,"y":19},{"id":"0","x":47,"y":19},{"id":"0","x":48,"y":19},{"id":"0","x":49,"y":19},{"id":"0","x":50,"y":19},{"id":"0","x":51,"y":19},{"id":"1","x":29,"y":18}],"collider":false},{"name":"Background","tiles":[{"id":"21","x":0,"y":0},{"id":"22","x":1,"y":0},{"id":"23","x":2,"y":0},{"id":"24","x":3,"y":0},{"id":"25","x":4,"y":0},{"id":"26","x":5,"y":0},{"id":"27","x":6,"y":0},{"id":"28","x":7,"y":0},{"id":"29","x":8,"y":0},{"id":"30","x":9,"y":0},{"id":"31","x":10,"y":0},{"id":"32","x":11,"y":0},{"id":"33","x":12,"y":0},{"id":"34","x":13,"y":0},{"id":"35","x":14,"y":0},{"id":"36","x":15,"y":0},{"id":"37","x":16,"y":0},{"id":"38","x":17,"y":0},{"id":"39","x":18,"y":0},{"id":"40","x":19,"y":0},{"id":"41","x":20,"y":0},{"id":"42","x":21,"y":0},{"id":"43","x":22,"y":0},{"id":"44","x":23,"y":0},{"id":"45","x":24,"y":0},{"id":"46","x":25,"y":0},{"id":"47","x":26,"y":0},{"id":"48","x":27,"y":0},{"id":"49","x":28,"y":0},{"id":"50","x":29,"y":0},{"id":"51","x":30,"y":0},{"id":"52","x":31,"y":0},{"id":"53","x":32,"y":0},{"id":"54","x":33,"y":0},{"id":"55","x":34,"y":0},{"id":"56","x":35,"y":0},{"id":"57","x":36,"y":0},{"id":"58","x":37,"y":0},{"id":"59","x":38,"y":0},{"id":"60","x":39,"y":0},{"id":"61","x":40,"y":0},{"id":"62","x":41,"y":0},{"id":"63","x":42,"y":0},{"id":"64","x":43,"y":0},{"id":"65","x":44,"y":0},{"id":"66","x":45,"y":0},{"id":"67","x":46,"y":0},{"id":"68","x":47,"y":0},{"id":"69","x":48,"y":0},{"id":"70","x":49,"y":0},{"id":"71","x":50,"y":0},{"id":"72","x":51,"y":0},{"id":"73","x":52,"y":0},{"id":"74","x":53,"y":0},{"id":"75","x":54,"y":0},{"id":"76","x":55,"y":0},{"id":"77","x":56,"y":0},{"id":"78","x":57,"y":0},{"id":"79","x":58,"y":0},{"id":"80","x":59,"y":0},{"id":"81","x":60,"y":0},{"id":"82","x":61,"y":0},{"id":"83","x":62,"y":0},{"id":"84","x":63,"y":0},{"id":"85","x":64,"y":0},{"id":"86","x":65,"y":0},{"id":"87","x":66,"y":0},{"id":"88","x":67,"y":0},{"id":"89","x":68,"y":0},{"id":"90","x":69,"y":0},{"id":"91","x":70,"y":0},{"id":"92","x":71,"y":0},{"id":"93","x":72,"y":0},{"id":"94","x":73,"y":0},{"id":"95","x":74,"y":0},{"id":"96","x":75,"y":0},{"id":"97","x":0,"y":1},{"id":"98","x":1,"y":1},{"id":"99","x":2,"y":1},{"id":"100","x":3,"y":1},{"id":"101","x":4,"y":1},{"id":"102","x":5,"y":1},{"id":"103","x":6,"y":1},{"id":"104","x":7,"y":1},{"id":"105","x":8,"y":1},{"id":"106","x":9,"y":1},{"id":"107","x":10,"y":1},{"id":"108","x":11,"y":1},{"id":"109","x":12,"y":1},{"id":"110","x":13,"y":1},{"id":"111","x":14,"y":1},{"id":"112","x":15,"y":1},{"id":"113","x":16,"y":1},{"id":"114","x":17,"y":1},{"id":"115","x":18,"y":1},{"id":"116","x":19,"y":1},{"id":"117","x":20,"y":1},{"id":"118","x":21,"y":1},{"id":"119","x":22,"y":1},{"id":"120","x":23,"y":1},{"id":"121","x":24,"y":1},{"id":"122","x":25,"y":1},{"id":"123","x":26,"y":1},{"id":"124","x":27,"y":1},{"id":"125","x":28,"y":1},{"id":"126","x":29,"y":1},{"id":"127","x":30,"y":1},{"id":"128","x":31,"y":1},{"id":"129","x":32,"y":1},{"id":"130","x":33,"y":1},{"id":"131","x":34,"y":1},{"id":"132","x":35,"y":1},{"id":"133","x":36,"y":1},{"id":"134","x":37,"y":1},{"id":"135","x":38,"y":1},{"id":"136","x":39,"y":1},{"id":"137","x":40,"y":1},{"id":"138","x":41,"y":1},{"id":"139","x":42,"y":1},{"id":"140","x":43,"y":1},{"id":"141","x":44,"y":1},{"id":"142","x":45,"y":1},{"id":"143","x":46,"y":1},{"id":"144","x":47,"y":1},{"id":"145","x":48,"y":1},{"id":"146","x":49,"y":1},{"id":"147","x":50,"y":1},{"id":"148","x":51,"y":1},{"id":"149","x":52,"y":1},{"id":"150","x":53,"y":1},{"id":"151","x":54,"y":1},{"id":"152","x":55,"y":1},{"id":"153","x":56,"y":1},{"id":"154","x":57,"y":1},{"id":"155","x":58,"y":1},{"id":"156","x":59,"y":1},{"id":"157","x":60,"y":1},{"id":"158","x":61,"y":1},{"id":"159","x":62,"y":1},{"id":"160","x":63,"y":1},{"id":"161","x":64,"y":1},{"id":"162","x":65,"y":1},{"id":"163","x":66,"y":1},{"id":"164","x":67,"y":1},{"id":"165","x":68,"y":1},{"id":"166","x":69,"y":1},{"id":"167","x":70,"y":1},{"id":"168","x":71,"y":1},{"id":"169","x":72,"y":1},{"id":"170","x":73,"y":1},{"id":"171","x":74,"y":1},{"id":"172","x":75,"y":1},{"id":"173","x":0,"y":2},{"id":"174","x":1,"y":2},{"id":"175","x":2,"y":2},{"id":"176","x":3,"y":2},{"id":"177","x":4,"y":2},{"id":"178","x":5,"y":2},{"id":"179","x":6,"y":2},{"id":"180","x":7,"y":2},{"id":"181","x":8,"y":2},{"id":"182","x":9,"y":2},{"id":"183","x":10,"y":2},{"id":"184","x":11,"y":2},{"id":"185","x":12,"y":2},{"id":"186","x":13,"y":2},{"id":"187","x":14,"y":2},{"id":"188","x":15,"y":2},{"id":"189","x":16,"y":2},{"id":"190","x":17,"y":2},{"id":"191","x":18,"y":2},{"id":"192","x":19,"y":2},{"id":"193","x":20,"y":2},{"id":"194","x":21,"y":2},{"id":"195","x":22,"y":2},{"id":"196","x":23,"y":2},{"id":"197","x":24,"y":2},{"id":"198","x":25,"y":2},{"id":"199","x":26,"y":2},{"id":"200","x":27,"y":2},{"id":"201","x":28,"y":2},{"id":"202","x":29,"y":2},{"id":"203","x":30,"y":2},{"id":"204","x":31,"y":2},{"id":"205","x":32,"y":2},{"id":"206","x":33,"y":2},{"id":"207","x":34,"y":2},{"id":"208","x":35,"y":2},{"id":"209","x":36,"y":2},{"id":"210","x":37,"y":2},{"id":"211","x":38,"y":2},{"id":"212","x":39,"y":2},{"id":"213","x":40,"y":2},{"id":"214","x":41,"y":2},{"id":"215","x":42,"y":2},{"id":"216","x":43,"y":2},{"id":"217","x":44,"y":2},{"id":"218","x":45,"y":2},{"id":"219","x":46,"y":2},{"id":"220","x":47,"y":2},{"id":"221","x":48,"y":2},{"id":"222","x":49,"y":2},{"id":"223","x":50,"y":2},{"id":"224","x":51,"y":2},{"id":"225","x":52,"y":2},{"id":"226","x":53,"y":2},{"id":"227","x":54,"y":2},{"id":"228","x":55,"y":2},{"id":"229","x":56,"y":2},{"id":"230","x":57,"y":2},{"id":"231","x":58,"y":2},{"id":"232","x":59,"y":2},{"id":"233","x":60,"y":2},{"id":"234","x":61,"y":2},{"id":"235","x":62,"y":2},{"id":"236","x":63,"y":2},{"id":"237","x":64,"y":2},{"id":"238","x":65,"y":2},{"id":"239","x":66,"y":2},{"id":"240","x":67,"y":2},{"id":"241","x":68,"y":2},{"id":"242","x":69,"y":2},{"id":"243","x":70,"y":2},{"id":"244","x":71,"y":2},{"id":"245","x":72,"y":2},{"id":"246","x":73,"y":2},{"id":"247","x":74,"y":2},{"id":"248","x":75,"y":2},{"id":"249","x":0,"y":3},{"id":"250","x":1,"y":3},{"id":"251","x":2,"y":3},{"id":"252","x":3,"y":3},{"id":"253","x":4,"y":3},{"id":"254","x":5,"y":3},{"id":"255","x":6,"y":3},{"id":"256","x":7,"y":3},{"id":"257","x":8,"y":3},{"id":"258","x":9,"y":3},{"id":"259","x":10,"y":3},{"id":"260","x":11,"y":3},{"id":"261","x":12,"y":3},{"id":"262","x":13,"y":3},{"id":"263","x":14,"y":3},{"id":"264","x":15,"y":3},{"id":"265","x":16,"y":3},{"id":"266","x":17,"y":3},{"id":"267","x":18,"y":3},{"id":"268","x":19,"y":3},{"id":"269","x":20,"y":3},{"id":"270","x":21,"y":3},{"id":"271","x":22,"y":3},{"id":"272","x":23,"y":3},{"id":"273","x":24,"y":3},{"id":"274","x":25,"y":3},{"id":"275","x":26,"y":3},{"id":"276","x":27,"y":3},{"id":"277","x":28,"y":3},{"id":"278","x":29,"y":3},{"id":"279","x":30,"y":3},{"id":"280","x":31,"y":3},{"id":"281","x":32,"y":3},{"id":"282","x":33,"y":3},{"id":"283","x":34,"y":3},{"id":"284","x":35,"y":3},{"id":"285","x":36,"y":3},{"id":"286","x":37,"y":3},{"id":"287","x":38,"y":3},{"id":"288","x":39,"y":3},{"id":"289","x":40,"y":3},{"id":"290","x":41,"y":3},{"id":"291","x":42,"y":3},{"id":"292","x":43,"y":3},{"id":"293","x":44,"y":3},{"id":"294","x":45,"y":3},{"id":"295","x":46,"y":3},{"id":"296","x":47,"y":3},{"id":"297","x":48,"y":3},{"id":"298","x":49,"y":3},{"id":"299","x":50,"y":3},{"id":"300","x":51,"y":3},{"id":"301","x":52,"y":3},{"id":"302","x":53,"y":3},{"id":"303","x":54,"y":3},{"id":"304","x":55,"y":3},{"id":"305","x":56,"y":3},{"id":"306","x":57,"y":3},{"id":"307","x":58,"y":3},{"id":"308","x":59,"y":3},{"id":"309","x":60,"y":3},{"id":"310","x":61,"y":3},{"id":"311","x":62,"y":3},{"id":"312","x":63,"y":3},{"id":"313","x":64,"y":3},{"id":"314","x":65,"y":3},{"id":"315","x":66,"y":3},{"id":"316","x":67,"y":3},{"id":"317","x":68,"y":3},{"id":"318","x":69,"y":3},{"id":"319","x":70,"y":3},{"id":"320","x":71,"y":3},{"id":"321","x":72,"y":3},{"id":"322","x":73,"y":3},{"id":"323","x":74,"y":3},{"id":"324","x":75,"y":3},{"id":"325","x":0,"y":4},{"id":"326","x":1,"y":4},{"id":"327","x":2,"y":4},{"id":"328","x":3,"y":4},{"id":"329","x":4,"y":4},{"id":"330","x":5,"y":4},{"id":"331","x":6,"y":4},{"id":"332","x":7,"y":4},{"id":"333","x":8,"y":4},{"id":"334","x":9,"y":4},{"id":"335","x":10,"y":4},{"id":"336","x":11,"y":4},{"id":"337","x":12,"y":4},{"id":"338","x":13,"y":4},{"id":"339","x":14,"y":4},{"id":"340","x":15,"y":4},{"id":"341","x":16,"y":4},{"id":"342","x":17,"y":4},{"id":"343","x":18,"y":4},{"id":"344","x":19,"y":4},{"id":"345","x":20,"y":4},{"id":"346","x":21,"y":4},{"id":"347","x":22,"y":4},{"id":"348","x":23,"y":4},{"id":"349","x":24,"y":4},{"id":"350","x":25,"y":4},{"id":"351","x":26,"y":4},{"id":"352","x":27,"y":4},{"id":"353","x":28,"y":4},{"id":"354","x":29,"y":4},{"id":"355","x":30,"y":4},{"id":"356","x":31,"y":4},{"id":"357","x":32,"y":4},{"id":"358","x":33,"y":4},{"id":"359","x":34,"y":4},{"id":"360","x":35,"y":4},{"id":"361","x":36,"y":4},{"id":"362","x":37,"y":4},{"id":"363","x":38,"y":4},{"id":"364","x":39,"y":4},{"id":"365","x":40,"y":4},{"id":"366","x":41,"y":4},{"id":"367","x":42,"y":4},{"id":"368","x":43,"y":4},{"id":"369","x":44,"y":4},{"id":"370","x":45,"y":4},{"id":"371","x":46,"y":4},{"id":"372","x":47,"y":4},{"id":"373","x":48,"y":4},{"id":"374","x":49,"y":4},{"id":"375","x":50,"y":4},{"id":"376","x":51,"y":4},{"id":"377","x":52,"y":4},{"id":"378","x":53,"y":4},{"id":"379","x":54,"y":4},{"id":"380","x":55,"y":4},{"id":"381","x":56,"y":4},{"id":"382","x":57,"y":4},{"id":"383","x":58,"y":4},{"id":"384","x":59,"y":4},{"id":"385","x":60,"y":4},{"id":"386","x":61,"y":4},{"id":"387","x":62,"y":4},{"id":"388","x":63,"y":4},{"id":"389","x":64,"y":4},{"id":"390","x":65,"y":4},{"id":"391","x":66,"y":4},{"id":"392","x":67,"y":4},{"id":"393","x":68,"y":4},{"id":"394","x":69,"y":4},{"id":"395","x":70,"y":4},{"id":"396","x":71,"y":4},{"id":"397","x":72,"y":4},{"id":"398","x":73,"y":4},{"id":"399","x":74,"y":4},{"id":"400","x":75,"y":4},{"id":"401","x":0,"y":5},{"id":"402","x":1,"y":5},{"id":"403","x":2,"y":5},{"id":"404","x":3,"y":5},{"id":"405","x":4,"y":5},{"id":"406","x":5,"y":5},{"id":"407","x":6,"y":5},{"id":"408","x":7,"y":5},{"id":"409","x":8,"y":5},{"id":"410","x":9,"y":5},{"id":"411","x":10,"y":5},{"id":"412","x":11,"y":5},{"id":"413","x":12,"y":5},{"id":"414","x":13,"y":5},{"id":"415","x":14,"y":5},{"id":"416","x":15,"y":5},{"id":"417","x":16,"y":5},{"id":"418","x":17,"y":5},{"id":"419","x":18,"y":5},{"id":"420","x":19,"y":5},{"id":"421","x":20,"y":5},{"id":"422","x":21,"y":5},{"id":"423","x":22,"y":5},{"id":"424","x":23,"y":5},{"id":"425","x":24,"y":5},{"id":"426","x":25,"y":5},{"id":"427","x":26,"y":5},{"id":"428","x":27,"y":5},{"id":"429","x":28,"y":5},{"id":"430","x":29,"y":5},{"id":"431","x":30,"y":5},{"id":"432","x":31,"y":5},{"id":"433","x":32,"y":5},{"id":"434","x":33,"y":5},{"id":"435","x":34,"y":5},{"id":"436","x":35,"y":5},{"id":"437","x":36,"y":5},{"id":"438","x":37,"y":5},{"id":"439","x":38,"y":5},{"id":"440","x":39,"y":5},{"id":"441","x":40,"y":5},{"id":"442","x":41,"y":5},{"id":"443","x":42,"y":5},{"id":"444","x":43,"y":5},{"id":"445","x":44,"y":5},{"id":"446","x":45,"y":5},{"id":"447","x":46,"y":5},{"id":"448","x":47,"y":5},{"id":"449","x":48,"y":5},{"id":"450","x":49,"y":5},{"id":"451","x":50,"y":5},{"id":"452","x":51,"y":5},{"id":"453","x":52,"y":5},{"id":"454","x":53,"y":5},{"id":"455","x":54,"y":5},{"id":"456","x":55,"y":5},{"id":"457","x":56,"y":5},{"id":"458","x":57,"y":5},{"id":"459","x":58,"y":5},{"id":"460","x":59,"y":5},{"id":"461","x":60,"y":5},{"id":"462","x":61,"y":5},{"id":"463","x":62,"y":5},{"id":"464","x":63,"y":5},{"id":"465","x":64,"y":5},{"id":"466","x":65,"y":5},{"id":"467","x":66,"y":5},{"id":"468","x":67,"y":5},{"id":"469","x":68,"y":5},{"id":"470","x":69,"y":5},{"id":"471","x":70,"y":5},{"id":"472","x":71,"y":5},{"id":"473","x":72,"y":5},{"id":"474","x":73,"y":5},{"id":"475","x":74,"y":5},{"id":"476","x":75,"y":5},{"id":"477","x":0,"y":6},{"id":"478","x":1,"y":6},{"id":"479","x":2,"y":6},{"id":"480","x":3,"y":6},{"id":"481","x":4,"y":6},{"id":"482","x":5,"y":6},{"id":"483","x":6,"y":6},{"id":"484","x":7,"y":6},{"id":"485","x":8,"y":6},{"id":"486","x":9,"y":6},{"id":"487","x":10,"y":6},{"id":"488","x":11,"y":6},{"id":"489","x":12,"y":6},{"id":"490","x":13,"y":6},{"id":"491","x":14,"y":6},{"id":"492","x":15,"y":6},{"id":"493","x":16,"y":6},{"id":"494","x":17,"y":6},{"id":"495","x":18,"y":6},{"id":"496","x":19,"y":6},{"id":"497","x":20,"y":6},{"id":"498","x":21,"y":6},{"id":"499","x":22,"y":6},{"id":"500","x":23,"y":6},{"id":"501","x":24,"y":6},{"id":"502","x":25,"y":6},{"id":"503","x":26,"y":6},{"id":"504","x":27,"y":6},{"id":"505","x":28,"y":6},{"id":"506","x":29,"y":6},{"id":"507","x":30,"y":6},{"id":"508","x":31,"y":6},{"id":"509","x":32,"y":6},{"id":"510","x":33,"y":6},{"id":"511","x":34,"y":6},{"id":"512","x":35,"y":6},{"id":"513","x":36,"y":6},{"id":"514","x":37,"y":6},{"id":"515","x":38,"y":6},{"id":"516","x":39,"y":6},{"id":"517","x":40,"y":6},{"id":"518","x":41,"y":6},{"id":"519","x":42,"y":6},{"id":"520","x":43,"y":6},{"id":"521","x":44,"y":6},{"id":"522","x":45,"y":6},{"id":"523","x":46,"y":6},{"id":"524","x":47,"y":6},{"id":"525","x":48,"y":6},{"id":"526","x":49,"y":6},{"id":"527","x":50,"y":6},{"id":"528","x":51,"y":6},{"id":"529","x":52,"y":6},{"id":"530","x":53,"y":6},{"id":"531","x":54,"y":6},{"id":"532","x":55,"y":6},{"id":"533","x":56,"y":6},{"id":"534","x":57,"y":6},{"id":"535","x":58,"y":6},{"id":"536","x":59,"y":6},{"id":"537","x":60,"y":6},{"id":"538","x":61,"y":6},{"id":"539","x":62,"y":6},{"id":"540","x":63,"y":6},{"id":"541","x":64,"y":6},{"id":"542","x":65,"y":6},{"id":"543","x":66,"y":6},{"id":"544","x":67,"y":6},{"id":"545","x":68,"y":6},{"id":"546","x":69,"y":6},{"id":"547","x":70,"y":6},{"id":"548","x":71,"y":6},{"id":"549","x":72,"y":6},{"id":"550","x":73,"y":6},{"id":"551","x":74,"y":6},{"id":"552","x":75,"y":6},{"id":"553","x":0,"y":7},{"id":"554","x":1,"y":7},{"id":"555","x":2,"y":7},{"id":"556","x":3,"y":7},{"id":"557","x":4,"y":7},{"id":"558","x":5,"y":7},{"id":"559","x":6,"y":7},{"id":"560","x":7,"y":7},{"id":"561","x":8,"y":7},{"id":"562","x":9,"y":7},{"id":"563","x":10,"y":7},{"id":"564","x":11,"y":7},{"id":"565","x":12,"y":7},{"id":"566","x":13,"y":7},{"id":"567","x":14,"y":7},{"id":"568","x":15,"y":7},{"id":"569","x":16,"y":7},{"id":"570","x":17,"y":7},{"id":"571","x":18,"y":7},{"id":"572","x":19,"y":7},{"id":"573","x":20,"y":7},{"id":"574","x":21,"y":7},{"id":"575","x":22,"y":7},{"id":"576","x":23,"y":7},{"id":"577","x":24,"y":7},{"id":"578","x":25,"y":7},{"id":"579","x":26,"y":7},{"id":"580","x":27,"y":7},{"id":"581","x":28,"y":7},{"id":"582","x":29,"y":7},{"id":"583","x":30,"y":7},{"id":"584","x":31,"y":7},{"id":"585","x":32,"y":7},{"id":"586","x":33,"y":7},{"id":"587","x":34,"y":7},{"id":"588","x":35,"y":7},{"id":"589","x":36,"y":7},{"id":"590","x":37,"y":7},{"id":"591","x":38,"y":7},{"id":"592","x":39,"y":7},{"id":"593","x":40,"y":7},{"id":"594","x":41,"y":7},{"id":"595","x":42,"y":7},{"id":"596","x":43,"y":7},{"id":"597","x":44,"y":7},{"id":"598","x":45,"y":7},{"id":"599","x":46,"y":7},{"id":"600","x":47,"y":7},{"id":"601","x":48,"y":7},{"id":"602","x":49,"y":7},{"id":"603","x":50,"y":7},{"id":"604","x":51,"y":7},{"id":"605","x":52,"y":7},{"id":"606","x":53,"y":7},{"id":"607","x":54,"y":7},{"id":"608","x":55,"y":7},{"id":"609","x":56,"y":7},{"id":"610","x":57,"y":7},{"id":"611","x":58,"y":7},{"id":"612","x":59,"y":7},{"id":"613","x":60,"y":7},{"id":"614","x":61,"y":7},{"id":"615","x":62,"y":7},{"id":"616","x":63,"y":7},{"id":"617","x":64,"y":7},{"id":"618","x":65,"y":7},{"id":"619","x":66,"y":7},{"id":"620","x":67,"y":7},{"id":"621","x":68,"y":7},{"id":"622","x":69,"y":7},{"id":"623","x":70,"y":7},{"id":"624","x":71,"y":7},{"id":"625","x":72,"y":7},{"id":"626","x":73,"y":7},{"id":"627","x":74,"y":7},{"id":"628","x":75,"y":7},{"id":"629","x":0,"y":8},{"id":"630","x":1,"y":8},{"id":"631","x":2,"y":8},{"id":"632","x":3,"y":8},{"id":"633","x":4,"y":8},{"id":"634","x":5,"y":8},{"id":"635","x":6,"y":8},{"id":"636","x":7,"y":8},{"id":"637","x":8,"y":8},{"id":"638","x":9,"y":8},{"id":"639","x":10,"y":8},{"id":"640","x":11,"y":8},{"id":"641","x":12,"y":8},{"id":"642","x":13,"y":8},{"id":"643","x":14,"y":8},{"id":"644","x":15,"y":8},{"id":"645","x":16,"y":8},{"id":"646","x":17,"y":8},{"id":"647","x":18,"y":8},{"id":"648","x":19,"y":8},{"id":"649","x":20,"y":8},{"id":"650","x":21,"y":8},{"id":"651","x":22,"y":8},{"id":"652","x":23,"y":8},{"id":"653","x":24,"y":8},{"id":"654","x":25,"y":8},{"id":"655","x":26,"y":8},{"id":"656","x":27,"y":8},{"id":"657","x":28,"y":8},{"id":"658","x":29,"y":8},{"id":"659","x":30,"y":8},{"id":"660","x":31,"y":8},{"id":"661","x":32,"y":8},{"id":"662","x":33,"y":8},{"id":"663","x":34,"y":8},{"id":"664","x":35,"y":8},{"id":"665","x":36,"y":8},{"id":"666","x":37,"y":8},{"id":"667","x":38,"y":8},{"id":"668","x":39,"y":8},{"id":"669","x":40,"y":8},{"id":"670","x":41,"y":8},{"id":"671","x":42,"y":8},{"id":"672","x":43,"y":8},{"id":"673","x":44,"y":8},{"id":"674","x":45,"y":8},{"id":"675","x":46,"y":8},{"id":"676","x":47,"y":8},{"id":"677","x":48,"y":8},{"id":"678","x":49,"y":8},{"id":"679","x":50,"y":8},{"id":"680","x":51,"y":8},{"id":"681","x":52,"y":8},{"id":"682","x":53,"y":8},{"id":"683","x":54,"y":8},{"id":"684","x":55,"y":8},{"id":"685","x":56,"y":8},{"id":"686","x":57,"y":8},{"id":"687","x":58,"y":8},{"id":"688","x":59,"y":8},{"id":"689","x":60,"y":8},{"id":"690","x":61,"y":8},{"id":"691","x":62,"y":8},{"id":"692","x":63,"y":8},{"id":"693","x":64,"y":8},{"id":"694","x":65,"y":8},{"id":"695","x":66,"y":8},{"id":"696","x":67,"y":8},{"id":"697","x":68,"y":8},{"id":"698","x":69,"y":8},{"id":"699","x":70,"y":8},{"id":"700","x":71,"y":8},{"id":"701","x":72,"y":8},{"id":"702","x":73,"y":8},{"id":"703","x":74,"y":8},{"id":"704","x":75,"y":8},{"id":"705","x":0,"y":9},{"id":"706","x":1,"y":9},{"id":"707","x":2,"y":9},{"id":"708","x":3,"y":9},{"id":"709","x":4,"y":9},{"id":"710","x":5,"y":9},{"id":"711","x":6,"y":9},{"id":"712","x":7,"y":9},{"id":"713","x":8,"y":9},{"id":"714","x":9,"y":9},{"id":"715","x":10,"y":9},{"id":"716","x":11,"y":9},{"id":"717","x":12,"y":9},{"id":"718","x":13,"y":9},{"id":"719","x":14,"y":9},{"id":"720","x":15,"y":9},{"id":"721","x":16,"y":9},{"id":"722","x":17,"y":9},{"id":"723","x":18,"y":9},{"id":"724","x":19,"y":9},{"id":"725","x":20,"y":9},{"id":"726","x":21,"y":9},{"id":"727","x":22,"y":9},{"id":"728","x":23,"y":9},{"id":"729","x":24,"y":9},{"id":"730","x":25,"y":9},{"id":"731","x":26,"y":9},{"id":"732","x":27,"y":9},{"id":"733","x":28,"y":9},{"id":"734","x":29,"y":9},{"id":"735","x":30,"y":9},{"id":"736","x":31,"y":9},{"id":"737","x":32,"y":9},{"id":"738","x":33,"y":9},{"id":"739","x":34,"y":9},{"id":"740","x":35,"y":9},{"id":"741","x":36,"y":9},{"id":"742","x":37,"y":9},{"id":"743","x":38,"y":9},{"id":"744","x":39,"y":9},{"id":"745","x":40,"y":9},{"id":"746","x":41,"y":9},{"id":"747","x":42,"y":9},{"id":"748","x":43,"y":9},{"id":"749","x":44,"y":9},{"id":"750","x":45,"y":9},{"id":"751","x":46,"y":9},{"id":"752","x":47,"y":9},{"id":"753","x":48,"y":9},{"id":"754","x":49,"y":9},{"id":"755","x":50,"y":9},{"id":"756","x":51,"y":9},{"id":"757","x":52,"y":9},{"id":"758","x":53,"y":9},{"id":"759","x":54,"y":9},{"id":"760","x":55,"y":9},{"id":"761","x":56,"y":9},{"id":"762","x":57,"y":9},{"id":"763","x":58,"y":9},{"id":"764","x":59,"y":9},{"id":"765","x":60,"y":9},{"id":"766","x":61,"y":9},{"id":"767","x":62,"y":9},{"id":"768","x":63,"y":9},{"id":"769","x":64,"y":9},{"id":"770","x":65,"y":9},{"id":"771","x":66,"y":9},{"id":"772","x":67,"y":9},{"id":"773","x":68,"y":9},{"id":"774","x":69,"y":9},{"id":"775","x":70,"y":9},{"id":"776","x":71,"y":9},{"id":"777","x":72,"y":9},{"id":"778","x":73,"y":9},{"id":"779","x":74,"y":9},{"id":"780","x":75,"y":9},{"id":"781","x":0,"y":10},{"id":"782","x":1,"y":10},{"id":"783","x":2,"y":10},{"id":"784","x":3,"y":10},{"id":"785","x":4,"y":10},{"id":"786","x":5,"y":10},{"id":"787","x":6,"y":10},{"id":"788","x":7,"y":10},{"id":"789","x":8,"y":10},{"id":"790","x":9,"y":10},{"id":"791","x":10,"y":10},{"id":"792","x":11,"y":10},{"id":"793","x":12,"y":10},{"id":"794","x":13,"y":10},{"id":"795","x":14,"y":10},{"id":"796","x":15,"y":10},{"id":"797","x":16,"y":10},{"id":"798","x":17,"y":10},{"id":"799","x":18,"y":10},{"id":"800","x":19,"y":10},{"id":"801","x":20,"y":10},{"id":"802","x":21,"y":10},{"id":"803","x":22,"y":10},{"id":"804","x":23,"y":10},{"id":"805","x":24,"y":10},{"id":"806","x":25,"y":10},{"id":"807","x":26,"y":10},{"id":"808","x":27,"y":10},{"id":"809","x":28,"y":10},{"id":"810","x":29,"y":10},{"id":"811","x":30,"y":10},{"id":"812","x":31,"y":10},{"id":"813","x":32,"y":10},{"id":"814","x":33,"y":10},{"id":"815","x":34,"y":10},{"id":"816","x":35,"y":10},{"id":"817","x":36,"y":10},{"id":"818","x":37,"y":10},{"id":"819","x":38,"y":10},{"id":"820","x":39,"y":10},{"id":"821","x":40,"y":10},{"id":"822","x":41,"y":10},{"id":"823","x":42,"y":10},{"id":"824","x":43,"y":10},{"id":"825","x":44,"y":10},{"id":"826","x":45,"y":10},{"id":"827","x":46,"y":10},{"id":"828","x":47,"y":10},{"id":"829","x":48,"y":10},{"id":"830","x":49,"y":10},{"id":"831","x":50,"y":10},{"id":"832","x":51,"y":10},{"id":"833","x":52,"y":10},{"id":"834","x":53,"y":10},{"id":"835","x":54,"y":10},{"id":"836","x":55,"y":10},{"id":"837","x":56,"y":10},{"id":"838","x":57,"y":10},{"id":"839","x":58,"y":10},{"id":"840","x":59,"y":10},{"id":"841","x":60,"y":10},{"id":"842","x":61,"y":10},{"id":"843","x":62,"y":10},{"id":"844","x":63,"y":10},{"id":"845","x":64,"y":10},{"id":"846","x":65,"y":10},{"id":"847","x":66,"y":10},{"id":"848","x":67,"y":10},{"id":"849","x":68,"y":10},{"id":"850","x":69,"y":10},{"id":"851","x":70,"y":10},{"id":"852","x":71,"y":10},{"id":"853","x":72,"y":10},{"id":"854","x":73,"y":10},{"id":"855","x":74,"y":10},{"id":"856","x":75,"y":10},{"id":"857","x":0,"y":11},{"id":"858","x":1,"y":11},{"id":"859","x":2,"y":11},{"id":"860","x":3,"y":11},{"id":"861","x":4,"y":11},{"id":"862","x":5,"y":11},{"id":"863","x":6,"y":11},{"id":"864","x":7,"y":11},{"id":"865","x":8,"y":11},{"id":"866","x":9,"y":11},{"id":"867","x":10,"y":11},{"id":"868","x":11,"y":11},{"id":"869","x":12,"y":11},{"id":"870","x":13,"y":11},{"id":"871","x":14,"y":11},{"id":"872","x":15,"y":11},{"id":"873","x":16,"y":11},{"id":"874","x":17,"y":11},{"id":"875","x":18,"y":11},{"id":"876","x":19,"y":11},{"id":"877","x":20,"y":11},{"id":"878","x":21,"y":11},{"id":"879","x":22,"y":11},{"id":"880","x":23,"y":11},{"id":"881","x":24,"y":11},{"id":"882","x":25,"y":11},{"id":"883","x":26,"y":11},{"id":"884","x":27,"y":11},{"id":"885","x":28,"y":11},{"id":"886","x":29,"y":11},{"id":"887","x":30,"y":11},{"id":"888","x":31,"y":11},{"id":"889","x":32,"y":11},{"id":"890","x":33,"y":11},{"id":"891","x":34,"y":11},{"id":"892","x":35,"y":11},{"id":"893","x":36,"y":11},{"id":"894","x":37,"y":11},{"id":"895","x":38,"y":11},{"id":"896","x":39,"y":11},{"id":"897","x":40,"y":11},{"id":"898","x":41,"y":11},{"id":"899","x":42,"y":11},{"id":"900","x":43,"y":11},{"id":"901","x":44,"y":11},{"id":"902","x":45,"y":11},{"id":"903","x":46,"y":11},{"id":"904","x":47,"y":11},{"id":"905","x":48,"y":11},{"id":"906","x":49,"y":11},{"id":"907","x":50,"y":11},{"id":"908","x":51,"y":11},{"id":"909","x":52,"y":11},{"id":"910","x":53,"y":11},{"id":"911","x":54,"y":11},{"id":"912","x":55,"y":11},{"id":"913","x":56,"y":11},{"id":"914","x":57,"y":11},{"id":"915","x":58,"y":11},{"id":"916","x":59,"y":11},{"id":"917","x":60,"y":11},{"id":"918","x":61,"y":11},{"id":"919","x":62,"y":11},{"id":"920","x":63,"y":11},{"id":"921","x":64,"y":11},{"id":"922","x":65,"y":11},{"id":"923","x":66,"y":11},{"id":"924","x":67,"y":11},{"id":"925","x":68,"y":11},{"id":"926","x":69,"y":11},{"id":"927","x":70,"y":11},{"id":"928","x":71,"y":11},{"id":"929","x":72,"y":11},{"id":"930","x":73,"y":11},{"id":"931","x":74,"y":11},{"id":"932","x":75,"y":11},{"id":"933","x":0,"y":12},{"id":"934","x":1,"y":12},{"id":"935","x":2,"y":12},{"id":"936","x":3,"y":12},{"id":"937","x":4,"y":12},{"id":"938","x":5,"y":12},{"id":"939","x":6,"y":12},{"id":"940","x":7,"y":12},{"id":"941","x":8,"y":12},{"id":"942","x":9,"y":12},{"id":"943","x":10,"y":12},{"id":"944","x":11,"y":12},{"id":"945","x":12,"y":12},{"id":"946","x":13,"y":12},{"id":"947","x":14,"y":12},{"id":"948","x":15,"y":12},{"id":"949","x":16,"y":12},{"id":"950","x":17,"y":12},{"id":"951","x":18,"y":12},{"id":"952","x":19,"y":12},{"id":"953","x":20,"y":12},{"id":"954","x":21,"y":12},{"id":"955","x":22,"y":12},{"id":"956","x":23,"y":12},{"id":"957","x":24,"y":12},{"id":"958","x":25,"y":12},{"id":"959","x":26,"y":12},{"id":"960","x":27,"y":12},{"id":"961","x":28,"y":12},{"id":"962","x":29,"y":12},{"id":"963","x":30,"y":12},{"id":"964","x":31,"y":12},{"id":"965","x":32,"y":12},{"id":"966","x":33,"y":12},{"id":"967","x":34,"y":12},{"id":"968","x":35,"y":12},{"id":"969","x":36,"y":12},{"id":"970","x":37,"y":12},{"id":"971","x":38,"y":12},{"id":"972","x":39,"y":12},{"id":"973","x":40,"y":12},{"id":"974","x":41,"y":12},{"id":"975","x":42,"y":12},{"id":"976","x":43,"y":12},{"id":"977","x":44,"y":12},{"id":"978","x":45,"y":12},{"id":"979","x":46,"y":12},{"id":"980","x":47,"y":12},{"id":"981","x":48,"y":12},{"id":"982","x":49,"y":12},{"id":"983","x":50,"y":12},{"id":"984","x":51,"y":12},{"id":"985","x":52,"y":12},{"id":"986","x":53,"y":12},{"id":"987","x":54,"y":12},{"id":"988","x":55,"y":12},{"id":"989","x":56,"y":12},{"id":"990","x":57,"y":12},{"id":"991","x":58,"y":12},{"id":"992","x":59,"y":12},{"id":"993","x":60,"y":12},{"id":"994","x":61,"y":12},{"id":"995","x":62,"y":12},{"id":"996","x":63,"y":12},{"id":"997","x":64,"y":12},{"id":"998","x":65,"y":12},{"id":"999","x":66,"y":12},{"id":"1000","x":67,"y":12},{"id":"1001","x":68,"y":12},{"id":"1002","x":69,"y":12},{"id":"1003","x":70,"y":12},{"id":"1004","x":71,"y":12},{"id":"1005","x":72,"y":12},{"id":"1006","x":73,"y":12},{"id":"1007","x":74,"y":12},{"id":"1008","x":75,"y":12},{"id":"1009","x":0,"y":13},{"id":"1010","x":1,"y":13},{"id":"1011","x":2,"y":13},{"id":"1012","x":3,"y":13},{"id":"1013","x":4,"y":13},{"id":"1014","x":5,"y":13},{"id":"1015","x":6,"y":13},{"id":"1016","x":7,"y":13},{"id":"1017","x":8,"y":13},{"id":"1018","x":9,"y":13},{"id":"1019","x":10,"y":13},{"id":"1020","x":11,"y":13},{"id":"1021","x":12,"y":13},{"id":"1022","x":13,"y":13},{"id":"1023","x":14,"y":13},{"id":"1024","x":15,"y":13},{"id":"1025","x":16,"y":13},{"id":"1026","x":17,"y":13},{"id":"1027","x":18,"y":13},{"id":"1028","x":19,"y":13},{"id":"1029","x":20,"y":13},{"id":"1030","x":21,"y":13},{"id":"1031","x":22,"y":13},{"id":"1032","x":23,"y":13},{"id":"1033","x":24,"y":13},{"id":"1034","x":25,"y":13},{"id":"1035","x":26,"y":13},{"id":"1036","x":27,"y":13},{"id":"1037","x":28,"y":13},{"id":"1038","x":29,"y":13},{"id":"1039","x":30,"y":13},{"id":"1040","x":31,"y":13},{"id":"1041","x":32,"y":13},{"id":"1042","x":33,"y":13},{"id":"1043","x":34,"y":13},{"id":"1044","x":35,"y":13},{"id":"1045","x":36,"y":13},{"id":"1046","x":37,"y":13},{"id":"1047","x":38,"y":13},{"id":"1048","x":39,"y":13},{"id":"1049","x":40,"y":13},{"id":"1050","x":41,"y":13},{"id":"1051","x":42,"y":13},{"id":"1052","x":43,"y":13},{"id":"1053","x":44,"y":13},{"id":"1054","x":45,"y":13},{"id":"1055","x":46,"y":13},{"id":"1056","x":47,"y":13},{"id":"1057","x":48,"y":13},{"id":"1058","x":49,"y":13},{"id":"1059","x":50,"y":13},{"id":"1060","x":51,"y":13},{"id":"1061","x":52,"y":13},{"id":"1062","x":53,"y":13},{"id":"1063","x":54,"y":13},{"id":"1064","x":55,"y":13},{"id":"1065","x":56,"y":13},{"id":"1066","x":57,"y":13},{"id":"1067","x":58,"y":13},{"id":"1068","x":59,"y":13},{"id":"1069","x":60,"y":13},{"id":"1070","x":61,"y":13},{"id":"1071","x":62,"y":13},{"id":"1072","x":63,"y":13},{"id":"1073","x":64,"y":13},{"id":"1074","x":65,"y":13},{"id":"1075","x":66,"y":13},{"id":"1076","x":67,"y":13},{"id":"1077","x":68,"y":13},{"id":"1078","x":69,"y":13},{"id":"1079","x":70,"y":13},{"id":"1080","x":71,"y":13},{"id":"1081","x":72,"y":13},{"id":"1082","x":73,"y":13},{"id":"1083","x":74,"y":13},{"id":"1084","x":75,"y":13},{"id":"1085","x":0,"y":14},{"id":"1086","x":1,"y":14},{"id":"1087","x":2,"y":14},{"id":"1088","x":3,"y":14},{"id":"1089","x":4,"y":14},{"id":"1090","x":5,"y":14},{"id":"1091","x":6,"y":14},{"id":"1092","x":7,"y":14},{"id":"1093","x":8,"y":14},{"id":"1094","x":9,"y":14},{"id":"1095","x":10,"y":14},{"id":"1096","x":11,"y":14},{"id":"1097","x":12,"y":14},{"id":"1098","x":13,"y":14},{"id":"1099","x":14,"y":14},{"id":"1100","x":15,"y":14},{"id":"1101","x":16,"y":14},{"id":"1102","x":17,"y":14},{"id":"1103","x":18,"y":14},{"id":"1104","x":19,"y":14},{"id":"1105","x":20,"y":14},{"id":"1106","x":21,"y":14},{"id":"1107","x":22,"y":14},{"id":"1108","x":23,"y":14},{"id":"1109","x":24,"y":14},{"id":"1110","x":25,"y":14},{"id":"1111","x":26,"y":14},{"id":"1112","x":27,"y":14},{"id":"1113","x":28,"y":14},{"id":"1114","x":29,"y":14},{"id":"1115","x":30,"y":14},{"id":"1116","x":31,"y":14},{"id":"1117","x":32,"y":14},{"id":"1118","x":33,"y":14},{"id":"1119","x":34,"y":14},{"id":"1120","x":35,"y":14},{"id":"1121","x":36,"y":14},{"id":"1122","x":37,"y":14},{"id":"1123","x":38,"y":14},{"id":"1124","x":39,"y":14},{"id":"1125","x":40,"y":14},{"id":"1126","x":41,"y":14},{"id":"1127","x":42,"y":14},{"id":"1128","x":43,"y":14},{"id":"1129","x":44,"y":14},{"id":"1130","x":45,"y":14},{"id":"1131","x":46,"y":14},{"id":"1132","x":47,"y":14},{"id":"1133","x":48,"y":14},{"id":"1134","x":49,"y":14},{"id":"1135","x":50,"y":14},{"id":"1136","x":51,"y":14},{"id":"1137","x":52,"y":14},{"id":"1138","x":53,"y":14},{"id":"1139","x":54,"y":14},{"id":"1140","x":55,"y":14},{"id":"1141","x":56,"y":14},{"id":"1142","x":57,"y":14},{"id":"1143","x":58,"y":14},{"id":"1144","x":59,"y":14},{"id":"1145","x":60,"y":14},{"id":"1146","x":61,"y":14},{"id":"1147","x":62,"y":14},{"id":"1148","x":63,"y":14},{"id":"1149","x":64,"y":14},{"id":"1150","x":65,"y":14},{"id":"1151","x":66,"y":14},{"id":"1152","x":67,"y":14},{"id":"1153","x":68,"y":14},{"id":"1154","x":69,"y":14},{"id":"1155","x":70,"y":14},{"id":"1156","x":71,"y":14},{"id":"1157","x":72,"y":14},{"id":"1158","x":73,"y":14},{"id":"1159","x":74,"y":14},{"id":"1160","x":75,"y":14},{"id":"1161","x":0,"y":15},{"id":"1162","x":1,"y":15},{"id":"1163","x":2,"y":15},{"id":"1164","x":3,"y":15},{"id":"1165","x":4,"y":15},{"id":"1166","x":5,"y":15},{"id":"1167","x":6,"y":15},{"id":"1168","x":7,"y":15},{"id":"1169","x":8,"y":15},{"id":"1170","x":9,"y":15},{"id":"1171","x":10,"y":15},{"id":"1172","x":11,"y":15},{"id":"1173","x":12,"y":15},{"id":"1174","x":13,"y":15},{"id":"1175","x":14,"y":15},{"id":"1176","x":15,"y":15},{"id":"1177","x":16,"y":15},{"id":"1178","x":17,"y":15},{"id":"1179","x":18,"y":15},{"id":"1180","x":19,"y":15},{"id":"1181","x":20,"y":15},{"id":"1182","x":21,"y":15},{"id":"1183","x":22,"y":15},{"id":"1184","x":23,"y":15},{"id":"1185","x":24,"y":15},{"id":"1186","x":25,"y":15},{"id":"1187","x":26,"y":15},{"id":"1188","x":27,"y":15},{"id":"1189","x":28,"y":15},{"id":"1190","x":29,"y":15},{"id":"1191","x":30,"y":15},{"id":"1192","x":31,"y":15},{"id":"1193","x":32,"y":15},{"id":"1194","x":33,"y":15},{"id":"1195","x":34,"y":15},{"id":"1196","x":35,"y":15},{"id":"1197","x":36,"y":15},{"id":"1198","x":37,"y":15},{"id":"1199","x":38,"y":15},{"id":"1200","x":39,"y":15},{"id":"1201","x":40,"y":15},{"id":"1202","x":41,"y":15},{"id":"1203","x":42,"y":15},{"id":"1204","x":43,"y":15},{"id":"1205","x":44,"y":15},{"id":"1206","x":45,"y":15},{"id":"1207","x":46,"y":15},{"id":"1208","x":47,"y":15},{"id":"1209","x":48,"y":15},{"id":"1210","x":49,"y":15},{"id":"1211","x":50,"y":15},{"id":"1212","x":51,"y":15},{"id":"1213","x":52,"y":15},{"id":"1214","x":53,"y":15},{"id":"1215","x":54,"y":15},{"id":"1216","x":55,"y":15},{"id":"1217","x":56,"y":15},{"id":"1218","x":57,"y":15},{"id":"1219","x":58,"y":15},{"id":"1220","x":59,"y":15},{"id":"1221","x":60,"y":15},{"id":"1222","x":61,"y":15},{"id":"1223","x":62,"y":15},{"id":"1224","x":63,"y":15},{"id":"1225","x":64,"y":15},{"id":"1226","x":65,"y":15},{"id":"1227","x":66,"y":15},{"id":"1228","x":67,"y":15},{"id":"1229","x":68,"y":15},{"id":"1230","x":69,"y":15},{"id":"1231","x":70,"y":15},{"id":"1232","x":71,"y":15},{"id":"1233","x":72,"y":15},{"id":"1234","x":73,"y":15},{"id":"1235","x":74,"y":15},{"id":"1236","x":75,"y":15},{"id":"1237","x":0,"y":16},{"id":"1238","x":1,"y":16},{"id":"1239","x":2,"y":16},{"id":"1240","x":3,"y":16},{"id":"1241","x":4,"y":16},{"id":"1242","x":5,"y":16},{"id":"1243","x":6,"y":16},{"id":"1244","x":7,"y":16},{"id":"1245","x":8,"y":16},{"id":"1246","x":9,"y":16},{"id":"1247","x":10,"y":16},{"id":"1248","x":11,"y":16},{"id":"1249","x":12,"y":16},{"id":"1250","x":13,"y":16},{"id":"1251","x":14,"y":16},{"id":"1252","x":15,"y":16},{"id":"1253","x":16,"y":16},{"id":"1254","x":17,"y":16},{"id":"1255","x":18,"y":16},{"id":"1256","x":19,"y":16},{"id":"1257","x":20,"y":16},{"id":"1258","x":21,"y":16},{"id":"1259","x":22,"y":16},{"id":"1260","x":23,"y":16},{"id":"1261","x":24,"y":16},{"id":"1262","x":25,"y":16},{"id":"1263","x":26,"y":16},{"id":"1264","x":27,"y":16},{"id":"1265","x":28,"y":16},{"id":"1266","x":29,"y":16},{"id":"1267","x":30,"y":16},{"id":"1268","x":31,"y":16},{"id":"1269","x":32,"y":16},{"id":"1270","x":33,"y":16},{"id":"1271","x":34,"y":16},{"id":"1272","x":35,"y":16},{"id":"1273","x":36,"y":16},{"id":"1274","x":37,"y":16},{"id":"1275","x":38,"y":16},{"id":"1276","x":39,"y":16},{"id":"1277","x":40,"y":16},{"id":"1278","x":41,"y":16},{"id":"1279","x":42,"y":16},{"id":"1280","x":43,"y":16},{"id":"1281","x":44,"y":16},{"id":"1282","x":45,"y":16},{"id":"1283","x":46,"y":16},{"id":"1284","x":47,"y":16},{"id":"1285","x":48,"y":16},{"id":"1286","x":49,"y":16},{"id":"1287","x":50,"y":16},{"id":"1288","x":51,"y":16},{"id":"1289","x":52,"y":16},{"id":"1290","x":53,"y":16},{"id":"1291","x":54,"y":16},{"id":"1292","x":55,"y":16},{"id":"1293","x":56,"y":16},{"id":"1294","x":57,"y":16},{"id":"1295","x":58,"y":16},{"id":"1296","x":59,"y":16},{"id":"1297","x":60,"y":16},{"id":"1298","x":61,"y":16},{"id":"1299","x":62,"y":16},{"id":"1300","x":63,"y":16},{"id":"1301","x":64,"y":16},{"id":"1302","x":65,"y":16},{"id":"1303","x":66,"y":16},{"id":"1304","x":67,"y":16},{"id":"1305","x":68,"y":16},{"id":"1306","x":69,"y":16},{"id":"1307","x":70,"y":16},{"id":"1308","x":71,"y":16},{"id":"1309","x":72,"y":16},{"id":"1310","x":73,"y":16},{"id":"1311","x":74,"y":16},{"id":"1312","x":75,"y":16},{"id":"1313","x":0,"y":17},{"id":"1314","x":1,"y":17},{"id":"1315","x":2,"y":17},{"id":"1316","x":3,"y":17},{"id":"1317","x":4,"y":17},{"id":"1318","x":5,"y":17},{"id":"1319","x":6,"y":17},{"id":"1320","x":7,"y":17},{"id":"1321","x":8,"y":17},{"id":"1322","x":9,"y":17},{"id":"1323","x":10,"y":17},{"id":"1324","x":11,"y":17},{"id":"1325","x":12,"y":17},{"id":"1326","x":13,"y":17},{"id":"1327","x":14,"y":17},{"id":"1328","x":15,"y":17},{"id":"1329","x":16,"y":17},{"id":"1330","x":17,"y":17},{"id":"1331","x":18,"y":17},{"id":"1332","x":19,"y":17},{"id":"1333","x":20,"y":17},{"id":"1334","x":21,"y":17},{"id":"1335","x":22,"y":17},{"id":"1336","x":23,"y":17},{"id":"1337","x":24,"y":17},{"id":"1338","x":25,"y":17},{"id":"1339","x":26,"y":17},{"id":"1340","x":27,"y":17},{"id":"1341","x":28,"y":17},{"id":"1342","x":29,"y":17},{"id":"1343","x":30,"y":17},{"id":"1344","x":31,"y":17},{"id":"1345","x":32,"y":17},{"id":"1346","x":33,"y":17},{"id":"1347","x":34,"y":17},{"id":"1348","x":35,"y":17},{"id":"1349","x":36,"y":17},{"id":"1350","x":37,"y":17},{"id":"1351","x":38,"y":17},{"id":"1352","x":39,"y":17},{"id":"1353","x":40,"y":17},{"id":"1354","x":41,"y":17},{"id":"1355","x":42,"y":17},{"id":"1356","x":43,"y":17},{"id":"1357","x":44,"y":17},{"id":"1358","x":45,"y":17},{"id":"1359","x":46,"y":17},{"id":"1360","x":47,"y":17},{"id":"1361","x":48,"y":17},{"id":"1362","x":49,"y":17},{"id":"1363","x":50,"y":17},{"id":"1364","x":51,"y":17},{"id":"1365","x":52,"y":17},{"id":"1366","x":53,"y":17},{"id":"1367","x":54,"y":17},{"id":"1368","x":55,"y":17},{"id":"1369","x":56,"y":17},{"id":"1370","x":57,"y":17},{"id":"1371","x":58,"y":17},{"id":"1372","x":59,"y":17},{"id":"1373","x":60,"y":17},{"id":"1374","x":61,"y":17},{"id":"1375","x":62,"y":17},{"id":"1376","x":63,"y":17},{"id":"1377","x":64,"y":17},{"id":"1378","x":65,"y":17},{"id":"1379","x":66,"y":17},{"id":"1380","x":67,"y":17},{"id":"1381","x":68,"y":17},{"id":"1382","x":69,"y":17},{"id":"1383","x":70,"y":17},{"id":"1384","x":71,"y":17},{"id":"1385","x":72,"y":17},{"id":"1386","x":73,"y":17},{"id":"1387","x":74,"y":17},{"id":"1388","x":75,"y":17},{"id":"1389","x":0,"y":18},{"id":"1390","x":1,"y":18},{"id":"1391","x":2,"y":18},{"id":"1392","x":3,"y":18},{"id":"1393","x":4,"y":18},{"id":"1394","x":5,"y":18},{"id":"1395","x":6,"y":18},{"id":"1396","x":7,"y":18},{"id":"1397","x":8,"y":18},{"id":"1398","x":9,"y":18},{"id":"1399","x":10,"y":18},{"id":"1400","x":11,"y":18},{"id":"1401","x":12,"y":18},{"id":"1402","x":13,"y":18},{"id":"1403","x":14,"y":18},{"id":"1404","x":15,"y":18},{"id":"1405","x":16,"y":18},{"id":"1406","x":17,"y":18},{"id":"1407","x":18,"y":18},{"id":"1408","x":19,"y":18},{"id":"1409","x":20,"y":18},{"id":"1410","x":21,"y":18},{"id":"1411","x":22,"y":18},{"id":"1412","x":23,"y":18},{"id":"1413","x":24,"y":18},{"id":"1414","x":25,"y":18},{"id":"1415","x":26,"y":18},{"id":"1416","x":27,"y":18},{"id":"1417","x":28,"y":18},{"id":"1418","x":29,"y":18},{"id":"1419","x":30,"y":18},{"id":"1420","x":31,"y":18},{"id":"1421","x":32,"y":18},{"id":"1422","x":33,"y":18},{"id":"1423","x":34,"y":18},{"id":"1424","x":35,"y":18},{"id":"1425","x":36,"y":18},{"id":"1426","x":37,"y":18},{"id":"1427","x":38,"y":18},{"id":"1428","x":39,"y":18},{"id":"1429","x":40,"y":18},{"id":"1430","x":41,"y":18},{"id":"1431","x":42,"y":18},{"id":"1432","x":43,"y":18},{"id":"1433","x":44,"y":18},{"id":"1434","x":45,"y":18},{"id":"1435","x":46,"y":18},{"id":"1436","x":47,"y":18},{"id":"1437","x":48,"y":18},{"id":"1438","x":49,"y":18},{"id":"1439","x":50,"y":18},{"id":"1440","x":51,"y":18},{"id":"1441","x":52,"y":18},{"id":"1442","x":53,"y":18},{"id":"1443","x":54,"y":18},{"id":"1444","x":55,"y":18},{"id":"1445","x":56,"y":18},{"id":"1446","x":57,"y":18},{"id":"1447","x":58,"y":18},{"id":"1448","x":59,"y":18},{"id":"1449","x":60,"y":18},{"id":"1450","x":61,"y":18},{"id":"1451","x":62,"y":18},{"id":"1452","x":63,"y":18},{"id":"1453","x":64,"y":18},{"id":"1454","x":65,"y":18},{"id":"1455","x":66,"y":18},{"id":"1456","x":67,"y":18},{"id":"1457","x":68,"y":18},{"id":"1458","x":69,"y":18},{"id":"1459","x":70,"y":18},{"id":"1460","x":71,"y":18},{"id":"1461","x":72,"y":18},{"id":"1462","x":73,"y":18},{"id":"1463","x":74,"y":18},{"id":"1464","x":75,"y":18},{"id":"1465","x":0,"y":19},{"id":"1466","x":1,"y":19},{"id":"1467","x":2,"y":19},{"id":"1468","x":3,"y":19},{"id":"1469","x":4,"y":19},{"id":"1470","x":5,"y":19},{"id":"1471","x":6,"y":19},{"id":"1472","x":7,"y":19},{"id":"1473","x":8,"y":19},{"id":"1474","x":9,"y":19},{"id":"1475","x":10,"y":19},{"id":"1476","x":11,"y":19},{"id":"1477","x":12,"y":19},{"id":"1478","x":13,"y":19},{"id":"1479","x":14,"y":19},{"id":"1480","x":15,"y":19},{"id":"1481","x":16,"y":19},{"id":"1482","x":17,"y":19},{"id":"1483","x":18,"y":19},{"id":"1484","x":19,"y":19},{"id":"1485","x":20,"y":19},{"id":"1486","x":21,"y":19},{"id":"1487","x":22,"y":19},{"id":"1488","x":23,"y":19},{"id":"1489","x":24,"y":19},{"id":"1490","x":25,"y":19},{"id":"1491","x":26,"y":19},{"id":"1492","x":27,"y":19},{"id":"1493","x":28,"y":19},{"id":"1494","x":29,"y":19},{"id":"1495","x":30,"y":19},{"id":"1496","x":31,"y":19},{"id":"1497","x":32,"y":19},{"id":"1498","x":33,"y":19},{"id":"1499","x":34,"y":19},{"id":"1500","x":35,"y":19},{"id":"1501","x":36,"y":19},{"id":"1502","x":37,"y":19},{"id":"1503","x":38,"y":19},{"id":"1504","x":39,"y":19},{"id":"1505","x":40,"y":19},{"id":"1506","x":41,"y":19},{"id":"1507","x":42,"y":19},{"id":"1508","x":43,"y":19},{"id":"1509","x":44,"y":19},{"id":"1510","x":45,"y":19},{"id":"1511","x":46,"y":19},{"id":"1512","x":47,"y":19},{"id":"1513","x":48,"y":19},{"id":"1514","x":49,"y":19},{"id":"1515","x":50,"y":19},{"id":"1516","x":51,"y":19},{"id":"1517","x":52,"y":19},{"id":"1518","x":53,"y":19},{"id":"1519","x":54,"y":19},{"id":"1520","x":55,"y":19},{"id":"1521","x":56,"y":19},{"id":"1522","x":57,"y":19},{"id":"1523","x":58,"y":19},{"id":"1524","x":59,"y":19},{"id":"1525","x":60,"y":19},{"id":"1526","x":61,"y":19},{"id":"1527","x":62,"y":19},{"id":"1528","x":63,"y":19},{"id":"1529","x":64,"y":19},{"id":"1530","x":65,"y":19},{"id":"1531","x":66,"y":19},{"id":"1532","x":67,"y":19},{"id":"1533","x":68,"y":19},{"id":"1534","x":69,"y":19},{"id":"1535","x":70,"y":19},{"id":"1536","x":71,"y":19},{"id":"1537","x":72,"y":19},{"id":"1538","x":73,"y":19},{"id":"1539","x":74,"y":19},{"id":"1540","x":75,"y":19},{"id":"1541","x":0,"y":20},{"id":"1542","x":1,"y":20},{"id":"1543","x":2,"y":20},{"id":"1544","x":3,"y":20},{"id":"1545","x":4,"y":20},{"id":"1546","x":5,"y":20},{"id":"1547","x":6,"y":20},{"id":"1548","x":7,"y":20},{"id":"1549","x":8,"y":20},{"id":"1550","x":9,"y":20},{"id":"1551","x":10,"y":20},{"id":"1552","x":11,"y":20},{"id":"1553","x":12,"y":20},{"id":"1554","x":13,"y":20},{"id":"1555","x":14,"y":20},{"id":"1556","x":15,"y":20},{"id":"1557","x":16,"y":20},{"id":"1558","x":17,"y":20},{"id":"1559","x":18,"y":20},{"id":"1560","x":19,"y":20},{"id":"1561","x":20,"y":20},{"id":"1562","x":21,"y":20},{"id":"1563","x":22,"y":20},{"id":"1564","x":23,"y":20},{"id":"1565","x":24,"y":20},{"id":"1566","x":25,"y":20},{"id":"1567","x":26,"y":20},{"id":"1568","x":27,"y":20},{"id":"1569","x":28,"y":20},{"id":"1570","x":29,"y":20},{"id":"1571","x":30,"y":20},{"id":"1572","x":31,"y":20},{"id":"1573","x":32,"y":20},{"id":"1574","x":33,"y":20},{"id":"1575","x":34,"y":20},{"id":"1576","x":35,"y":20},{"id":"1577","x":36,"y":20},{"id":"1578","x":37,"y":20},{"id":"1579","x":38,"y":20},{"id":"1580","x":39,"y":20},{"id":"1581","x":40,"y":20},{"id":"1582","x":41,"y":20},{"id":"1583","x":42,"y":20},{"id":"1584","x":43,"y":20},{"id":"1585","x":44,"y":20},{"id":"1586","x":45,"y":20},{"id":"1587","x":46,"y":20},{"id":"1588","x":47,"y":20},{"id":"1589","x":48,"y":20},{"id":"1590","x":49,"y":20},{"id":"1591","x":50,"y":20},{"id":"1592","x":51,"y":20},{"id":"1593","x":52,"y":20},{"id":"1594","x":53,"y":20},{"id":"1595","x":54,"y":20},{"id":"1596","x":55,"y":20},{"id":"1597","x":56,"y":20},{"id":"1598","x":57,"y":20},{"id":"1599","x":58,"y":20},{"id":"1600","x":59,"y":20},{"id":"1601","x":60,"y":20},{"id":"1602","x":61,"y":20},{"id":"1603","x":62,"y":20},{"id":"1604","x":63,"y":20},{"id":"1605","x":64,"y":20},{"id":"1606","x":65,"y":20},{"id":"1607","x":66,"y":20},{"id":"1608","x":67,"y":20},{"id":"1609","x":68,"y":20},{"id":"1610","x":69,"y":20},{"id":"1611","x":70,"y":20},{"id":"1612","x":71,"y":20},{"id":"1613","x":72,"y":20},{"id":"1614","x":73,"y":20},{"id":"1615","x":74,"y":20},{"id":"1616","x":75,"y":20}],"collider":false}]}