{"tileSize":16,"mapWidth":21,"mapHeight":7,"layers":[{"name":"Layer_0","tiles":[{"id":"45","x":0,"y":5},{"id":"45","x":1,"y":5},{"id":"45","x":2,"y":5},{"id":"45","x":3,"y":5},{"id":"45","x":4,"y":5},{"id":"45","x":5,"y":5},{"id":"45","x":6,"y":5},{"id":"45","x":7,"y":5},{"id":"45","x":8,"y":5},{"id":"45","x":9,"y":5},{"id":"45","x":10,"y":5},{"id":"45","x":11,"y":5},{"id":"45","x":12,"y":5},{"id":"45","x":13,"y":5},{"id":"45","x":14,"y":5},{"id":"45","x":15,"y":5},{"id":"46","x":0,"y":6},{"id":"46","x":9,"y":6},{"id":"46","x":11,"y":6},{"id":"46","x":14,"y":6},{"id":"47","x":1,"y":6},{"id":"47","x":2,"y":6},{"id":"47","x":3,"y":6},{"id":"47","x":4,"y":6},{"id":"47","x":5,"y":6},{"id":"47","x":6,"y":6},{"id":"47","x":7,"y":6},{"id":"47","x":13,"y":6},{"id":"47","x":15,"y":6},{"id":"47","x":12,"y":6},{"id":"47","x":10,"y":6},{"id":"47","x":8,"y":6},{"id":"45","x":16,"y":4},{"id":"45","x":17,"y":4},{"id":"45","x":18,"y":4},{"id":"45","x":19,"y":4},{"id":"45","x":20,"y":4},{"id":"48","x":16,"y":5},{"id":"47","x":16,"y":6},{"id":"47","x":17,"y":5},{"id":"47","x":17,"y":6},{"id":"47","x":18,"y":6},{"id":"47","x":18,"y":5},{"id":"47","x":20,"y":5},{"id":"47","x":19,"y":5},{"id":"47","x":19,"y":6},{"id":"47","x":20,"y":6},{"id":"49","x":9,"y":4},{"id":"50","x":11,"y":4},{"id":"50","x":8,"y":4},{"id":"51","x":14,"y":1},{"id":"52","x":14,"y":2},{"id":"53","x":14,"y":3},{"id":"54","x":14,"y":4},{"id":"55","x":15,"y":1},{"id":"56","x":14,"y":0},{"id":"57","x":13,"y":1},{"id":"58","x":15,"y":4}],"collider":false}]}