{"tileSize":16,"mapWidth":13,"mapHeight":6,"layers":[{"name":"Enemy","tiles":[{"id":"8","x":7,"y":0},{"id":"9","x":8,"y":0},{"id":"10","x":9,"y":0},{"id":"11","x":10,"y":0},{"id":"12","x":7,"y":1},{"id":"13","x":8,"y":1},{"id":"14","x":9,"y":1},{"id":"15","x":10,"y":1},{"id":"16","x":7,"y":2},{"id":"17","x":8,"y":2},{"id":"18","x":9,"y":2},{"id":"2","x":10,"y":2},{"id":"2","x":7,"y":3},{"id":"19","x":8,"y":3},{"id":"20","x":9,"y":3},{"id":"2","x":10,"y":3}],"collider":false},{"name":"Grass","tiles":[{"id":"0","x":0,"y":5},{"id":"0","x":1,"y":5},{"id":"0","x":2,"y":5},{"id":"0","x":3,"y":5},{"id":"0","x":4,"y":5},{"id":"0","x":5,"y":5},{"id":"0","x":6,"y":5},{"id":"0","x":7,"y":5},{"id":"0","x":8,"y":5},{"id":"0","x":9,"y":5},{"id":"0","x":10,"y":5},{"id":"0","x":11,"y":5},{"id":"0","x":12,"y":5},{"id":"0","x":12,"y":4},{"id":"0","x":11,"y":4},{"id":"0","x":10,"y":4},{"id":"0","x":9,"y":4},{"id":"0","x":0,"y":4},{"id":"0","x":1,"y":4},{"id":"0","x":2,"y":4},{"id":"0","x":3,"y":4},{"id":"0","x":4,"y":4},{"id":"0","x":5,"y":4},{"id":"0","x":6,"y":4},{"id":"0","x":7,"y":4},{"id":"0","x":8,"y":4},{"id":"1","x":0,"y":3},{"id":"1","x":1,"y":3},{"id":"1","x":2,"y":3},{"id":"1","x":3,"y":3},{"id":"1","x":12,"y":3},{"id":"1","x":11,"y":3},{"id":"1","x":10,"y":3},{"id":"1","x":9,"y":3},{"id":"1","x":8,"y":3},{"id":"1","x":7,"y":3},{"id":"1","x":6,"y":3},{"id":"1","x":5,"y":3},{"id":"1","x":4,"y":3},{"id":"2","x":1,"y":0}],"collider":false},{"name":"Role","tiles":[{"id":"2","x":1,"y":0},{"id":"3","x":2,"y":0},{"id":"4","x":1,"y":1},{"id":"5","x":2,"y":1},{"id":"6","x":1,"y":2},{"id":"7","x":2,"y":2},{"id":"16","x":7,"y":2},{"id":"2","x":10,"y":2},{"id":"2","x":7,"y":3},{"id":"19","x":8,"y":3},{"id":"20","x":9,"y":3},{"id":"2","x":10,"y":3}],"collider":false}]}